id;name;last_name;field;address;tel
1;RSS;Hirthe;deposit;Shirt Missouri JSON;Upgradable
2;aggregate;Cummerata;Overpass;Lek Legacy system-worthy;Mozambique deposit
3;paradigms;Homenick;Director methodical Underpass;Clothing Sausages Cotton;redundant standardization Beauty
4;Comoros Tuna;Gislason;deposit Usability Strategist;Account;Synergistic out-of-the-box invoice
5;array Metal;Kovacek;Optimization;compressing TCP;Awesome copying
6;Kansas;Fay;tertiary;Future;Account paradigms Concrete
7;Republic) Marketing;Reichert;Cambridgeshire Unbranded;Associate Buckinghamshire copy;Bedfordshire
8;Fresh invoice;Weimann;Applications;Producer redefine Central;Bedfordshire Terrace Designer
9;SDR Kroon De-engineered;West;TCP;flexibility;scale generation Avon
10;web-enabled virtual;Bins;sensor International;Buckinghamshire withdrawal virtual;bluetooth Ohio Practical
