id;name;last_name;field;certifiction;tel;address
1;input Planner;Donnelly;Self-enabling Games holistic;Pants COM Unbranded;calculate Producer;circuit Account Steel
2;Granite Future;Stokes;Keyboard Buckinghamshire Outdoors;Utah Granite;auxiliary Dynamic approach;Alabama
3;product;McClure;bi-directional Swiss integrate;Armenian Buckinghamshire;Rand;interface Arkansas
4;SDR;Buckridge;capacitor Account;global Money;Falls SMS connect;networks Product ROI
5;matrices program;Bernhard;Baht Handcrafted Communications;auxiliary SQL reciprocal;National Mouse Sausages;blue Legacy
6;Open-source Minnesota value-added;Kling;Buckinghamshire asymmetric;Christmas;incubate;Card navigating Generic
7;Loan Advanced;Shields;Walks;Fantastic Ariary;Borders Analyst Naira;Rustic
8;indigo turquoise;Rowe;Cambridgeshire;withdrawal pixel;Avon;purple withdrawal Computer
9;harness Bedfordshire deploy;Leffler;Rubber;vortals bandwidth bypassing;Account Dynamic;Coves
10;Soft Handmade;Bradtke;Books feed Generic;context-sensitive;up compressing;generate
